{"path_loss_max": 130.21672078655448, "path_loss_min": 0.0002188693349580717, "delay_max": 1.098094369989518e-05, "delay_min": 9.34829169095136e-12, "zoa_max": 179.397, "zoa_min": 3.59625, "zod_max": 179.721, "zod_min": 3.92677, "aoa_max": 180.0, "aoa_min": -180.0, "aod_max": 180.0, "aod_min": -180.0, "phase_max": 180.0, "phase_min": -180.0}