{"path_loss_max": 138.82126501291646, "path_loss_min": -0.00014369942027769866, "delay_max": 1.2306975130199973e-05, "delay_min": 1.5343600402142934e-12, "zoa_max": 179.369, "zoa_min": 0.259304, "zod_max": 178.753, "zod_min": 2.20229, "aoa_max": 180.0, "aoa_min": -180.0, "aod_max": 180.0, "aod_min": -180.0, "phase_max": 180.0, "phase_min": -180.0}